{"coop": {"good": [0.8571428571428571, 0.8333333333333334, 1.0, 0.5, 0.5, 1.0, 1.0, 1.0, 0.5, 1.0], "neutral": [0.5, 0.5, 0.6666666666666666, 0.8, 1.0, 0.5, 0.75, 1.0], "evil": [1.0, 1.0, 0.5, 0.8, 1.0, 1.0, 1.0, 0.5, 0.5], "family": [1.0, 1.0, 1.0, 0.5, 1.0, 0.6666666666666666, 0.5, 1.0, 1.0, 0.5, 0.6666666666666666], "music": [1.0, 1.0, 1.0, 1.0, 0.5714285714285714, 0.8333333333333334, 0.6666666666666666, 1.0, 0.75, 0.84, 1.0, 0.5, 1.0], "accident": [1.0, 0.3333333333333333, 1.0, 0.5, 0.5, 1.0, 0.8, 1.0, 0.5, 1.0], "religion": [0.8, 0.6, 1.0, 0.75, 1.0], "imagery": [1.0, 0.5, 0.5, 0.75, 1.0, 0.5, 0.6666666666666666, 0.4, 0.6, 0.6666666666666666], "fighting": [0.6666666666666666, 0.75, 1.0, 0.75, 1.0, 1.0, 0.8333333333333334, 1.0, 1.0], "romance": [], "horror": []}, "carp": {"good": [1.0, 0.5, 0.5, 0.4, 1.0, 0.4, 0.6, 1.0, 1.0, 1.0, 0.92], "neutral": [0.5, 0.8, 0.7, 1.0, 0.6666666666666666, 0.6666666666666666, 0.8, 1.0, 0.5], "evil": [0.8333333333333334, 1.0, 0.6666666666666666, 1.0, 1.0, 0.6666666666666666, 1.0, 0.4, 1.0, 0.6], "family": [0.75, 0.75, 0.6666666666666666, 0.75, 1.0, 0.6666666666666666], "music": [0.6666666666666666, 1.0, 1.0, 1.0, 1.0, 0.6, 1.0], "accident": [1.0, 0.75, 0.5714285714285714, 1.0, 1.0, 0.75, 1.0, 0.6, 1.0, 1.0, 1.0], "religion": [1.0, 0.2, 1.0, 1.0, 1.0, 1.0, 0.75, 0.42857142857142855, 0.6, 1.0], "imagery": [0.8, 0.42857142857142855, 0.5, 0.6666666666666666, 0.5, 0.3333333333333333, 1.0, 0.5, 0.5], "fighting": [0.42857142857142855, 0.6666666666666666, 1.0, 1.0, 1.0, 1.0, 0.5, 0.6], "romance": [1.0, 1.0, 0.4, 1.0, 0.6, 0.75, 0.6666666666666666, 1.0, 1.0], "horror": [1.0, 1.0, 0.75, 0.5, 1.0, 0.6666666666666666, 1.0, 1.0, 0.48, 0.3333333333333333]}, "neox": {"good": [0.5, 1.0, 0.6666666666666666, 0.6666666666666666, 0.6666666666666666, 0.7142857142857143, 0.75, 0.5, 1.0], "neutral": [1.0, 1.0, 0.75, 1.0, 0.6666666666666666, 1.0, 0.6, 0.6, 1.0, 0.75], "evil": [1.0, 1.0, 0.6666666666666666, 1.0, 0.5, 0.5, 0.75, 1.0, 1.0], "family": [0.6666666666666666, 0.3333333333333333, 0.6666666666666666, 1.0, 0.8, 0.7142857142857143, 1.0, 0.25, 0.6666666666666666, 0.75], "music": [1.0, 1.0, 0.7142857142857143, 1.0, 1.0, 0.5, 0.8571428571428571, 0.6666666666666666, 0.7142857142857143, 1.0], "accident": [0.4, 1.0, 0.6666666666666666, 0.6, 0.42857142857142855, 0.5, 1.0, 0.25, 1.0, 0.4], "religion": [1.0, 1.0, 0.5, 0.8333333333333334, 1.0, 0.6666666666666666, 0.42857142857142855, 1.0, 0.3333333333333333, 1.0], "imagery": [0.6, 0.4, 0.5, 0.5, 1.0, 0.5, 1.0, 0.5, 0.6, 0.5], "fighting": [1.0, 0.6666666666666666, 0.4, 1.0, 0.5, 1.0, 0.6666666666666666, 1.0, 1.0, 0.25], "romance": [1.0, 1.0, 0.4, 1.0, 0.75, 1.0, 1.0, 1.0, 1.0, 1.0], "horror": [1.0, 1.0, 0.5, 1.0, 1.0, 0.5, 1.0, 0.5, 1.0, 1.0]}}