{"evil": [0.45454545454545453, 0.5555555555555556, 0.5, 0.8571428571428571, 0.6666666666666666, 0.7142857142857143, 0.6666666666666666, 1.0, 0.625, 1.0], "neutral": [0.64, 0.6666666666666666, 0.6666666666666666, 0.8888888888888888, 0.5384615384615384, 0.42857142857142855, 0.4666666666666667, 0.7142857142857143, 0.6428571428571429, 0.5555555555555556], "good": [0.75, 0.6, 0.5, 0.7333333333333333, 0.8888888888888888, 0.5, 0.5833333333333334, 0.9230769230769231, 0.6666666666666666, 0.9166666666666666], "accident": [0.56, 0.5, 1.0, 0.4, 0.75, 0.6153846153846154, 0.4, 0.5, 0.7857142857142857, 0.3333333333333333], "family": [1.0, 1.0, 1.0, 0.23076923076923078, 0.8181818181818182, 0.3, 0.75, 0.3333333333333333, 0.52, 0.4], "fighting": [0.3333333333333333, 0.5555555555555556, 0.5, 0.7692307692307693, 0.7333333333333333, 0.8, 0.6666666666666666, 0.375, 0.7142857142857143, 0.4166666666666667], "horror": [0.6, 0.46153846153846156, 0.7272727272727273, 0.5, 0.6666666666666666, 0.2857142857142857, 0.6666666666666666, 0.8181818181818182, 0.8125, 0.5], "imagery": [0.5, 1.0, 0.4444444444444444, 0.6, 0.2857142857142857, 0.4166666666666667, 0.5, 0.3333333333333333, 0.3333333333333333, 0.3], "music": [0.5, 0.7142857142857143, 0.8181818181818182, 0.5, 0.9230769230769231, 0.25, 0.5714285714285714, 0.7, 0.64, 0.6666666666666666], "religion": [0.4444444444444444, 0.6363636363636364, 0.3333333333333333, 0.9, 0.6363636363636364, 0.5555555555555556, 0.6363636363636364, 0.3333333333333333, 0.5, 0.5], "romantic": [0.5454545454545454, 0.9375, 0.6, 0.6666666666666666, 0.5454545454545454, 0.5, 0.5833333333333334, 0.4, 1.0, 0.6666666666666666]}